,Last Name,First Name,1,2,3,4
0,47ef6268-24ea-4dd8-a7e5-f3b8933da0b2,06ab11fc-b0a7-46d8-b654-b98678c634b5,bee21ae1-487a-454c-a17d-1d097d9045ab,894ed6f3-b99c-44fc-beb5-1e4858e20224,3516c055-4219-4558-bf60-71f2379c8e29,2fec5177-e9a6-45cc-9dfd-bff6fe5f4bc0
1,bb959a76-2190-468d-a079-bcdd1b96a1aa,e0b612a3-6bab-43ef-ab22-b3d002fe53a7,eaba192c-e945-4c8a-a800-47907aa33c50,5338d673-a089-4ad4-9d6c-a8184fd16a4d,8008686c-7de9-42d8-b27a-2abbebd44e33,139b90b3-ca25-4ccb-97c9-0dbf3fa1cc3a
2,6c81b741-3950-4a0d-8dff-d85ce0ba4a28,e5598f52-9d0f-4f78-a488-3d8fb209a860,e5203f9d-8874-4f97-882a-fceb05863ea5,5338d673-a089-4ad4-9d6c-a8184fd16a4d,894ed6f3-b99c-44fc-beb5-1e4858e20224,eaba192c-e945-4c8a-a800-47907aa33c50
3,7b4bb469-a0c0-4997-ac5b-205c8f163203,8a23b676-5935-4ac1-a2cc-c07370c76cce,bee21ae1-487a-454c-a17d-1d097d9045ab,139b90b3-ca25-4ccb-97c9-0dbf3fa1cc3a,a13619cd-e1eb-4b49-9a19-e0e423577037,894ed6f3-b99c-44fc-beb5-1e4858e20224
4,68796321-8879-4602-8e1e-c62e2a19cd23,32ae3873-07bb-406c-96d1-cc7a314ac267,bee21ae1-487a-454c-a17d-1d097d9045ab,eaba192c-e945-4c8a-a800-47907aa33c50,8008686c-7de9-42d8-b27a-2abbebd44e33,8e826cfa-608b-4409-9203-4ae1b7c5550a
5,8ea229d0-cf93-416c-96a8-e2581faedd70,5a0d6452-a8e2-4e4c-b2e6-afa4fe13f737,bee21ae1-487a-454c-a17d-1d097d9045ab,8e826cfa-608b-4409-9203-4ae1b7c5550a,8008686c-7de9-42d8-b27a-2abbebd44e33,139b90b3-ca25-4ccb-97c9-0dbf3fa1cc3a
6,9ea3ee3a-7857-4b8e-99fd-f522a7e31fa3,59006d24-a728-4a37-b65b-2fb37ec7a552,eaba192c-e945-4c8a-a800-47907aa33c50,8008686c-7de9-42d8-b27a-2abbebd44e33,5338d673-a089-4ad4-9d6c-a8184fd16a4d,139b90b3-ca25-4ccb-97c9-0dbf3fa1cc3a
7,8f7fd86b-4818-412a-9c41-b035f9916df4,860c8a21-6983-4288-8eda-2c86ef6ea37d,eaba192c-e945-4c8a-a800-47907aa33c50,8e826cfa-608b-4409-9203-4ae1b7c5550a,3516c055-4219-4558-bf60-71f2379c8e29,139b90b3-ca25-4ccb-97c9-0dbf3fa1cc3a
8,8f265c96-92f9-4eb6-a04e-d13ccd22d2d5,e1b84ef9-ff7e-4b0a-9bec-7831c9420408,2da9f25d-e3cf-4633-8e15-233157071d75,139b90b3-ca25-4ccb-97c9-0dbf3fa1cc3a,894ed6f3-b99c-44fc-beb5-1e4858e20224,bee21ae1-487a-454c-a17d-1d097d9045ab
9,4793a111-8acc-4b19-b038-3005df19c81d,0985d9fa-7b7f-4c62-876a-10e912dec0a9,3516c055-4219-4558-bf60-71f2379c8e29,a13619cd-e1eb-4b49-9a19-e0e423577037,5338d673-a089-4ad4-9d6c-a8184fd16a4d,8e826cfa-608b-4409-9203-4ae1b7c5550a
10,5020b2a0-8b3d-4dcd-93ab-5183e6f6add8,91677b39-2250-4979-8715-0cae7a2d76bf,8008686c-7de9-42d8-b27a-2abbebd44e33,bee21ae1-487a-454c-a17d-1d097d9045ab,eaba192c-e945-4c8a-a800-47907aa33c50,139b90b3-ca25-4ccb-97c9-0dbf3fa1cc3a
11,2debda88-9fbd-419e-a02c-7790781f4fee,0ac7729b-6e3d-463b-b9fc-0a8c2b5eb29d,eaba192c-e945-4c8a-a800-47907aa33c50,8e826cfa-608b-4409-9203-4ae1b7c5550a,5338d673-a089-4ad4-9d6c-a8184fd16a4d,bee21ae1-487a-454c-a17d-1d097d9045ab
12,5d45fdc0-cefe-4342-9429-c0cdcb821824,eba0160f-8644-4108-ba8e-a1afa101108a,eaba192c-e945-4c8a-a800-47907aa33c50,139b90b3-ca25-4ccb-97c9-0dbf3fa1cc3a,8008686c-7de9-42d8-b27a-2abbebd44e33,bee21ae1-487a-454c-a17d-1d097d9045ab
13,95a5e62b-66ec-43cb-a231-cd4d8b9cf599,55a6dea7-c418-4529-81fe-1a9bbd13a482,3516c055-4219-4558-bf60-71f2379c8e29,a13619cd-e1eb-4b49-9a19-e0e423577037,2fec5177-e9a6-45cc-9dfd-bff6fe5f4bc0,2da9f25d-e3cf-4633-8e15-233157071d75
14,46eb66d1-333e-4b5e-bc8d-2ffab6cde5f9,cad2d1e7-65a0-4c9f-bed5-fc4a91446702,a13619cd-e1eb-4b49-9a19-e0e423577037,3516c055-4219-4558-bf60-71f2379c8e29,42afa2ed-5735-42df-b6a4-e1b6b6e6d151,34a6e61c-0ee3-4803-8728-e6ac8f7582d3
15,21a5ae53-be76-4889-8a03-5feac9f92784,9b7e5500-3515-4ea7-b4b2-2dcf81d1ff14,894ed6f3-b99c-44fc-beb5-1e4858e20224,139b90b3-ca25-4ccb-97c9-0dbf3fa1cc3a,8008686c-7de9-42d8-b27a-2abbebd44e33,bee21ae1-487a-454c-a17d-1d097d9045ab
16,f96f846f-be3b-4793-aa27-9bcc198288ff,fd6033cb-2398-44dc-8457-ae5f7949a38f,e5203f9d-8874-4f97-882a-fceb05863ea5,ee2b28ae-0630-489a-9287-d6e677404815,8e826cfa-608b-4409-9203-4ae1b7c5550a,7d50df7d-8b0d-4b43-a90e-375298ecddb3
17,389892dc-b1e0-4aac-9061-7b314b3fec2c,296e7ceb-1a8d-45bc-b0e0-6056a235c5d0,8e826cfa-608b-4409-9203-4ae1b7c5550a,5338d673-a089-4ad4-9d6c-a8184fd16a4d,34a6e61c-0ee3-4803-8728-e6ac8f7582d3,42afa2ed-5735-42df-b6a4-e1b6b6e6d151
18,4f0226ef-b2ce-409f-896d-f73de350615a,253a5d4e-bd26-460e-b970-610938eb5dac,2da9f25d-e3cf-4633-8e15-233157071d75,4282ce75-1089-4aac-9bfe-55e65a6312d4,8e826cfa-608b-4409-9203-4ae1b7c5550a,b44a1a08-334f-4223-93e1-1fde6f090f75
19,71193860-5591-4fbc-b4ac-e2a95341f448,f7d4aea9-e4d9-4ae6-9f06-19f1fe72ae4b,e5203f9d-8874-4f97-882a-fceb05863ea5,7d50df7d-8b0d-4b43-a90e-375298ecddb3,894ed6f3-b99c-44fc-beb5-1e4858e20224,2fec5177-e9a6-45cc-9dfd-bff6fe5f4bc0
20,fa98e8e3-1b5f-4358-b5b6-93420a21bccd,8fda8aa2-96a1-4f1c-af98-d032da9ceb01,e5203f9d-8874-4f97-882a-fceb05863ea5,8e826cfa-608b-4409-9203-4ae1b7c5550a,5338d673-a089-4ad4-9d6c-a8184fd16a4d,b44a1a08-334f-4223-93e1-1fde6f090f75
21,1607d127-c181-4ffe-9415-c5d9b44bb7f2,b515fac3-2eec-46b1-b6c8-3b0f13120fe6,2da9f25d-e3cf-4633-8e15-233157071d75,139b90b3-ca25-4ccb-97c9-0dbf3fa1cc3a,4282ce75-1089-4aac-9bfe-55e65a6312d4,894ed6f3-b99c-44fc-beb5-1e4858e20224
22,d3ddcd56-c19e-4e27-8d92-0c87d8b7519d,68dfd760-5dbb-441d-9be1-9babbc754e34,42afa2ed-5735-42df-b6a4-e1b6b6e6d151,3516c055-4219-4558-bf60-71f2379c8e29,2da9f25d-e3cf-4633-8e15-233157071d75,45b7d43f-50d4-49e3-91ca-3a4e2d8bc810
23,4c92cb55-bdfc-4ffa-ac2c-7714b315380e,6f47e119-17d3-4895-a6a6-caf656a3178b,2fec5177-e9a6-45cc-9dfd-bff6fe5f4bc0,139b90b3-ca25-4ccb-97c9-0dbf3fa1cc3a,a13619cd-e1eb-4b49-9a19-e0e423577037,34a6e61c-0ee3-4803-8728-e6ac8f7582d3
24,71c16f40-323d-44cf-ae6b-c7d0ad09119f,ec3aebb5-20c4-4ae0-ab18-ece7ee9eed09,139b90b3-ca25-4ccb-97c9-0dbf3fa1cc3a,34a6e61c-0ee3-4803-8728-e6ac8f7582d3,8008686c-7de9-42d8-b27a-2abbebd44e33,8e826cfa-608b-4409-9203-4ae1b7c5550a
25,994a630c-1daa-477c-b869-26902f30862c,ded85e6b-7d7f-49d9-a843-7a06173edbc7,ee2b28ae-0630-489a-9287-d6e677404815,7d50df7d-8b0d-4b43-a90e-375298ecddb3,e5203f9d-8874-4f97-882a-fceb05863ea5,8e826cfa-608b-4409-9203-4ae1b7c5550a
26,f875c530-9743-48c2-9a3f-879203e2f3f5,d7affbb2-4285-4776-a83f-c1a0f93a9856,a13619cd-e1eb-4b49-9a19-e0e423577037,3516c055-4219-4558-bf60-71f2379c8e29,139b90b3-ca25-4ccb-97c9-0dbf3fa1cc3a,2fec5177-e9a6-45cc-9dfd-bff6fe5f4bc0
27,ee51a3f6-819e-48e6-b8fc-d8ca4716f5d9,ec9c7d2e-7e01-4986-ac23-de0e9452973e,e5203f9d-8874-4f97-882a-fceb05863ea5,7d50df7d-8b0d-4b43-a90e-375298ecddb3,894ed6f3-b99c-44fc-beb5-1e4858e20224,34a6e61c-0ee3-4803-8728-e6ac8f7582d3
28,8200b420-3752-4186-a3f8-70a50de8623e,d7a09b9d-a66e-4568-b244-2988aef068f6,2da9f25d-e3cf-4633-8e15-233157071d75,8e826cfa-608b-4409-9203-4ae1b7c5550a,e5203f9d-8874-4f97-882a-fceb05863ea5,139b90b3-ca25-4ccb-97c9-0dbf3fa1cc3a
29,3f11e158-a3c3-4792-8066-bca401103ceb,b28677f0-0475-463a-a484-13b40b084ff0,4282ce75-1089-4aac-9bfe-55e65a6312d4,894ed6f3-b99c-44fc-beb5-1e4858e20224,bee21ae1-487a-454c-a17d-1d097d9045ab,34a6e61c-0ee3-4803-8728-e6ac8f7582d3
30,8d1af1e4-946c-4bbd-99f0-35f97a495d6a,89f05cba-4895-485c-bbe5-a4c07bc8acdb,894ed6f3-b99c-44fc-beb5-1e4858e20224,2da9f25d-e3cf-4633-8e15-233157071d75,139b90b3-ca25-4ccb-97c9-0dbf3fa1cc3a,bee21ae1-487a-454c-a17d-1d097d9045ab
31,77c812e6-9760-4e2e-a6e0-dc2f9ae751ef,902cdb6b-6325-44e7-a108-61fd9cf18e28,e5203f9d-8874-4f97-882a-fceb05863ea5,8008686c-7de9-42d8-b27a-2abbebd44e33,7d50df7d-8b0d-4b43-a90e-375298ecddb3,894ed6f3-b99c-44fc-beb5-1e4858e20224
32,5758f1d5-36d4-405c-a55f-71ffeb020d55,a8403761-92b9-46f3-b9d1-6a42c42a8e17,bee21ae1-487a-454c-a17d-1d097d9045ab,a13619cd-e1eb-4b49-9a19-e0e423577037,e5203f9d-8874-4f97-882a-fceb05863ea5,139b90b3-ca25-4ccb-97c9-0dbf3fa1cc3a
33,0f6cfb10-43cc-495d-99e7-b2f185b578d5,67474b22-8f33-4463-a1af-a4e0a8b39d45,2da9f25d-e3cf-4633-8e15-233157071d75,47d768f6-3d10-4a8a-90ed-31388f9ae08a,34a6e61c-0ee3-4803-8728-e6ac8f7582d3,bee21ae1-487a-454c-a17d-1d097d9045ab
34,eab9f02a-aa1a-4143-b94e-849dd834f17b,9d7651d0-1536-4f29-ae7f-af9af85b88df,8008686c-7de9-42d8-b27a-2abbebd44e33,eaba192c-e945-4c8a-a800-47907aa33c50,139b90b3-ca25-4ccb-97c9-0dbf3fa1cc3a,894ed6f3-b99c-44fc-beb5-1e4858e20224
35,80447966-5eb8-4566-87bf-92d84a6edf01,2b7acbc8-1d85-4b7e-a6c3-66ff6a515b68,bee21ae1-487a-454c-a17d-1d097d9045ab,2da9f25d-e3cf-4633-8e15-233157071d75,2fec5177-e9a6-45cc-9dfd-bff6fe5f4bc0,e5203f9d-8874-4f97-882a-fceb05863ea5
36,db143f6a-8e5a-4038-ab2b-c91eb6af8bc7,4092d137-fd49-4c5a-a5a3-e97f39520080,3516c055-4219-4558-bf60-71f2379c8e29,34a6e61c-0ee3-4803-8728-e6ac8f7582d3,ee2b28ae-0630-489a-9287-d6e677404815,8e826cfa-608b-4409-9203-4ae1b7c5550a
37,99ea6abd-a34d-431b-a133-56a02421855d,4f6d793d-73e1-4705-8fd6-1f06ecdcdba6,8008686c-7de9-42d8-b27a-2abbebd44e33,eaba192c-e945-4c8a-a800-47907aa33c50,a13619cd-e1eb-4b49-9a19-e0e423577037,139b90b3-ca25-4ccb-97c9-0dbf3fa1cc3a
38,73fc4d10-ac88-458d-aaa7-510e588cdf67,f5f0a6e5-1f89-4d12-9990-19ee6cf4ee6e,b44a1a08-334f-4223-93e1-1fde6f090f75,7d50df7d-8b0d-4b43-a90e-375298ecddb3,2fec5177-e9a6-45cc-9dfd-bff6fe5f4bc0,e5203f9d-8874-4f97-882a-fceb05863ea5
39,7b25dc37-d2a8-45b4-9a15-62b607727fc5,d1daecdf-dd9f-43ef-a2fa-565a1c98187b,a13619cd-e1eb-4b49-9a19-e0e423577037,3516c055-4219-4558-bf60-71f2379c8e29,894ed6f3-b99c-44fc-beb5-1e4858e20224,2fec5177-e9a6-45cc-9dfd-bff6fe5f4bc0
40,86ca208d-b706-4150-b3f2-95a715fcff0c,2e8ee0ce-cbc6-4ccc-8cf8-6f61127711b7,4282ce75-1089-4aac-9bfe-55e65a6312d4,894ed6f3-b99c-44fc-beb5-1e4858e20224,2fec5177-e9a6-45cc-9dfd-bff6fe5f4bc0,a13619cd-e1eb-4b49-9a19-e0e423577037
41,17589cf9-631a-4421-ba07-4c6c78c05c9e,3f4b742e-4712-4dab-8413-6dbe1558e37a,3516c055-4219-4558-bf60-71f2379c8e29,bee21ae1-487a-454c-a17d-1d097d9045ab,894ed6f3-b99c-44fc-beb5-1e4858e20224,8e826cfa-608b-4409-9203-4ae1b7c5550a
42,c8a2bf1d-9796-4fdf-8435-d4107aa0d37d,2bca8ce2-9a90-495e-89f5-3cd3590be364,2da9f25d-e3cf-4633-8e15-233157071d75,b44a1a08-334f-4223-93e1-1fde6f090f75,8e826cfa-608b-4409-9203-4ae1b7c5550a,34a6e61c-0ee3-4803-8728-e6ac8f7582d3
43,a92b7688-09f6-4cb7-b9fa-5492c23e25e1,31203d59-2ced-44f4-b1cb-af405322122e,eaba192c-e945-4c8a-a800-47907aa33c50,8008686c-7de9-42d8-b27a-2abbebd44e33,139b90b3-ca25-4ccb-97c9-0dbf3fa1cc3a,bee21ae1-487a-454c-a17d-1d097d9045ab
44,12b12945-be6e-412a-995e-f66b46d53731,7f1e76cf-9bc6-41e1-ba4f-4053eef9e268,7d50df7d-8b0d-4b43-a90e-375298ecddb3,8008686c-7de9-42d8-b27a-2abbebd44e33,b44a1a08-334f-4223-93e1-1fde6f090f75,8e826cfa-608b-4409-9203-4ae1b7c5550a
45,931ea1ed-cedc-45f2-9824-669dcddaa8e9,b4c5aab1-9c1b-47e8-b1f5-4e63e2668b33,8e826cfa-608b-4409-9203-4ae1b7c5550a,34a6e61c-0ee3-4803-8728-e6ac8f7582d3,3516c055-4219-4558-bf60-71f2379c8e29,2da9f25d-e3cf-4633-8e15-233157071d75
46,3a50a4e3-e504-4d6b-abfa-259812b388b8,eeb770de-53da-436d-9a47-eda574ad6286,b44a1a08-334f-4223-93e1-1fde6f090f75,3516c055-4219-4558-bf60-71f2379c8e29,2da9f25d-e3cf-4633-8e15-233157071d75,a13619cd-e1eb-4b49-9a19-e0e423577037
47,4b429081-2d24-4a5e-94c9-5f0b9ff4f326,5be1698f-cae6-4a90-bdb8-bfb1f637cb7f,139b90b3-ca25-4ccb-97c9-0dbf3fa1cc3a,8008686c-7de9-42d8-b27a-2abbebd44e33,ee2b28ae-0630-489a-9287-d6e677404815,e5203f9d-8874-4f97-882a-fceb05863ea5
48,2402ac2d-23aa-427a-b663-0a9f41dffcd7,ee4bcda2-d360-4708-a9ac-06995aa8de73,b44a1a08-334f-4223-93e1-1fde6f090f75,2da9f25d-e3cf-4633-8e15-233157071d75,2fec5177-e9a6-45cc-9dfd-bff6fe5f4bc0,eaba192c-e945-4c8a-a800-47907aa33c50
49,37b12313-ec15-44f6-9380-dc162b8f78c7,2a3c8ed7-d8c2-4190-9070-4681956d9b6a,8008686c-7de9-42d8-b27a-2abbebd44e33,bee21ae1-487a-454c-a17d-1d097d9045ab,eaba192c-e945-4c8a-a800-47907aa33c50,139b90b3-ca25-4ccb-97c9-0dbf3fa1cc3a
50,0d4c3049-8372-41d9-841e-79abe9e48961,4a31a5c9-7ed4-4423-8083-99849ac045a4,3516c055-4219-4558-bf60-71f2379c8e29,34a6e61c-0ee3-4803-8728-e6ac8f7582d3,139b90b3-ca25-4ccb-97c9-0dbf3fa1cc3a,2fec5177-e9a6-45cc-9dfd-bff6fe5f4bc0
51,15e5f507-1e5c-417a-a69e-55c2e1a37eb0,273493b6-2c2f-4964-b4f0-8e0ec5e1ca33,2da9f25d-e3cf-4633-8e15-233157071d75,bee21ae1-487a-454c-a17d-1d097d9045ab,139b90b3-ca25-4ccb-97c9-0dbf3fa1cc3a,34a6e61c-0ee3-4803-8728-e6ac8f7582d3
52,b52ac266-ec2d-47ac-8d77-2bfe429eca33,1de2a9c3-5581-48bc-a7f6-e73a30d75322,8e826cfa-608b-4409-9203-4ae1b7c5550a,2fec5177-e9a6-45cc-9dfd-bff6fe5f4bc0,34a6e61c-0ee3-4803-8728-e6ac8f7582d3,3516c055-4219-4558-bf60-71f2379c8e29
53,b53d9211-2639-4a4f-a750-4c87e1e88d5d,860db1c0-3f37-4e43-b2ab-d4384e27a093,4282ce75-1089-4aac-9bfe-55e65a6312d4,42afa2ed-5735-42df-b6a4-e1b6b6e6d151,34a6e61c-0ee3-4803-8728-e6ac8f7582d3,ee2b28ae-0630-489a-9287-d6e677404815
54,3cb41b6f-b6b6-41a0-a3f3-e77cb972237e,9ef4fdc7-50fb-45be-b893-12f792a293dc,2fec5177-e9a6-45cc-9dfd-bff6fe5f4bc0,2da9f25d-e3cf-4633-8e15-233157071d75,e5203f9d-8874-4f97-882a-fceb05863ea5,bee21ae1-487a-454c-a17d-1d097d9045ab
55,790b6980-452b-452c-b2f3-f19131cd3736,f39fa532-91bb-4b1c-9567-1db65eb4c62a,8e826cfa-608b-4409-9203-4ae1b7c5550a,7d50df7d-8b0d-4b43-a90e-375298ecddb3,bee21ae1-487a-454c-a17d-1d097d9045ab,a13619cd-e1eb-4b49-9a19-e0e423577037
56,d0032a7c-19d1-4140-b10d-eca2c8c3f0b6,e1d60b96-eccd-4743-a131-536d7d77f5b8,8e826cfa-608b-4409-9203-4ae1b7c5550a,7d50df7d-8b0d-4b43-a90e-375298ecddb3,4282ce75-1089-4aac-9bfe-55e65a6312d4,139b90b3-ca25-4ccb-97c9-0dbf3fa1cc3a
57,153234e2-72a1-46db-9fa1-c6783e322cd2,e85d1772-09ff-44ee-b2d0-767c52f76c5a,8e826cfa-608b-4409-9203-4ae1b7c5550a,4282ce75-1089-4aac-9bfe-55e65a6312d4,139b90b3-ca25-4ccb-97c9-0dbf3fa1cc3a,bee21ae1-487a-454c-a17d-1d097d9045ab
58,594e6e61-c4b5-4a80-9a09-b8b56193d885,bc0a4fbc-7259-4692-ac4f-0781afaa3876,e5203f9d-8874-4f97-882a-fceb05863ea5,139b90b3-ca25-4ccb-97c9-0dbf3fa1cc3a,8008686c-7de9-42d8-b27a-2abbebd44e33,eaba192c-e945-4c8a-a800-47907aa33c50
59,43270bc1-2153-42d8-bc49-5c60abefed93,8d747095-3598-44d6-b794-ff05a66deb97,3516c055-4219-4558-bf60-71f2379c8e29,a13619cd-e1eb-4b49-9a19-e0e423577037,2fec5177-e9a6-45cc-9dfd-bff6fe5f4bc0,34a6e61c-0ee3-4803-8728-e6ac8f7582d3
60,4fb47c0a-6d71-4783-a908-eac3afd9ee12,c09d2750-3749-4d59-98de-78dc90eca28f,8e826cfa-608b-4409-9203-4ae1b7c5550a,34a6e61c-0ee3-4803-8728-e6ac8f7582d3,3516c055-4219-4558-bf60-71f2379c8e29,ee2b28ae-0630-489a-9287-d6e677404815
61,bcfb675b-d950-4269-86f0-bc5e016793a6,74fa75f0-188a-4a18-b65c-531a86c3a9c3,eaba192c-e945-4c8a-a800-47907aa33c50,8008686c-7de9-42d8-b27a-2abbebd44e33,8e826cfa-608b-4409-9203-4ae1b7c5550a,bee21ae1-487a-454c-a17d-1d097d9045ab
62,19b7f194-2915-494e-aa56-c738f2b50ada,d59f9b7f-0d22-4ab2-b95b-259c6aa809f5,8e826cfa-608b-4409-9203-4ae1b7c5550a,bee21ae1-487a-454c-a17d-1d097d9045ab,139b90b3-ca25-4ccb-97c9-0dbf3fa1cc3a,34a6e61c-0ee3-4803-8728-e6ac8f7582d3
63,77b453c9-befc-410c-9075-24e8abf9dcee,4c0764b2-02c4-4f11-822b-ad8060f1c749,894ed6f3-b99c-44fc-beb5-1e4858e20224,a13619cd-e1eb-4b49-9a19-e0e423577037,3516c055-4219-4558-bf60-71f2379c8e29,139b90b3-ca25-4ccb-97c9-0dbf3fa1cc3a
64,27fa639e-256b-47e8-a4f5-2d19faffb3d5,bdc4eb17-5ad5-46eb-856b-3cae4ff2ed3e,4282ce75-1089-4aac-9bfe-55e65a6312d4,2fec5177-e9a6-45cc-9dfd-bff6fe5f4bc0,3516c055-4219-4558-bf60-71f2379c8e29,894ed6f3-b99c-44fc-beb5-1e4858e20224
65,d359da95-38ad-4900-acd4-991695f7970b,15a2a636-3f97-4337-a226-a56d69c1a9b9,3516c055-4219-4558-bf60-71f2379c8e29,a13619cd-e1eb-4b49-9a19-e0e423577037,42afa2ed-5735-42df-b6a4-e1b6b6e6d151,e5203f9d-8874-4f97-882a-fceb05863ea5
66,d0781f5d-0a5d-4122-868b-0e2ad0bae27c,f325c471-1e2d-47cf-9c6f-9270ff24c0bb,3516c055-4219-4558-bf60-71f2379c8e29,139b90b3-ca25-4ccb-97c9-0dbf3fa1cc3a,bee21ae1-487a-454c-a17d-1d097d9045ab,7d50df7d-8b0d-4b43-a90e-375298ecddb3
67,cdaddc01-24d4-45e2-9210-65843f614b61,3419fd52-da57-4d48-92cd-cec84a0ffab7,2fec5177-e9a6-45cc-9dfd-bff6fe5f4bc0,e5203f9d-8874-4f97-882a-fceb05863ea5,bee21ae1-487a-454c-a17d-1d097d9045ab,7d50df7d-8b0d-4b43-a90e-375298ecddb3
68,5d0accca-0a74-43eb-bcca-ea4855096e0b,e33b3984-8e42-4b88-bfe1-1b437e81a042,2fec5177-e9a6-45cc-9dfd-bff6fe5f4bc0,e5203f9d-8874-4f97-882a-fceb05863ea5,139b90b3-ca25-4ccb-97c9-0dbf3fa1cc3a,2da9f25d-e3cf-4633-8e15-233157071d75
69,0ea71022-e417-4370-8e6f-cf90f65f35ec,81525d1f-16de-44c2-b705-f72f4f173734,bee21ae1-487a-454c-a17d-1d097d9045ab,8008686c-7de9-42d8-b27a-2abbebd44e33,139b90b3-ca25-4ccb-97c9-0dbf3fa1cc3a,eaba192c-e945-4c8a-a800-47907aa33c50
70,81ce6458-85da-42a1-80fa-4fdb14629c94,2b2b9f2a-0924-4678-b74c-456ab7ba5894,8e826cfa-608b-4409-9203-4ae1b7c5550a,b44a1a08-334f-4223-93e1-1fde6f090f75,34a6e61c-0ee3-4803-8728-e6ac8f7582d3,ee2b28ae-0630-489a-9287-d6e677404815
71,49d5e964-7f4d-4005-b67f-b75f756ccdb2,3826b437-473e-433c-bf6a-8163b03668fc,5338d673-a089-4ad4-9d6c-a8184fd16a4d,139b90b3-ca25-4ccb-97c9-0dbf3fa1cc3a,3516c055-4219-4558-bf60-71f2379c8e29,c69dba1f-d5db-4414-a23f-888244ee1945
72,00ae3959-ea8c-4f05-b188-2fd004eacce8,e5146b58-ac7b-4200-b878-5061a936a14a,2da9f25d-e3cf-4633-8e15-233157071d75,4282ce75-1089-4aac-9bfe-55e65a6312d4,34a6e61c-0ee3-4803-8728-e6ac8f7582d3,8e826cfa-608b-4409-9203-4ae1b7c5550a
73,bbf1a67f-d32e-4095-b570-7dbb3fa801f7,e495771a-69f4-4ec7-a210-b34b03e8a8ab,4282ce75-1089-4aac-9bfe-55e65a6312d4,3516c055-4219-4558-bf60-71f2379c8e29,2da9f25d-e3cf-4633-8e15-233157071d75,34a6e61c-0ee3-4803-8728-e6ac8f7582d3
74,ef7e4b0a-5fd2-4c94-a60e-a21b265e3569,638f5df3-e4b1-4e17-b5c4-510d4f485b83,a13619cd-e1eb-4b49-9a19-e0e423577037,3516c055-4219-4558-bf60-71f2379c8e29,42afa2ed-5735-42df-b6a4-e1b6b6e6d151,894ed6f3-b99c-44fc-beb5-1e4858e20224
75,002ae580-b534-4cad-a360-b69888dde603,f2b0ca98-ae87-43a0-bce3-7a32c6c2e204,ee2b28ae-0630-489a-9287-d6e677404815,e5203f9d-8874-4f97-882a-fceb05863ea5,eaba192c-e945-4c8a-a800-47907aa33c50,5338d673-a089-4ad4-9d6c-a8184fd16a4d
76,0ed457f1-5ac8-4b37-aadc-6d05a4b389bf,f9b3fddf-82d1-495a-9cc8-1640859ebfe8,894ed6f3-b99c-44fc-beb5-1e4858e20224,2fec5177-e9a6-45cc-9dfd-bff6fe5f4bc0,bee21ae1-487a-454c-a17d-1d097d9045ab,34a6e61c-0ee3-4803-8728-e6ac8f7582d3
77,a5ada0e6-7848-4590-b2cc-9279cbb7f064,4c6936f1-825b-448a-abb6-478721710b6d,3516c055-4219-4558-bf60-71f2379c8e29,a13619cd-e1eb-4b49-9a19-e0e423577037,ee2b28ae-0630-489a-9287-d6e677404815,2fec5177-e9a6-45cc-9dfd-bff6fe5f4bc0
78,61bfd37e-b89d-4771-b34a-8f96ab85298f,974f17cf-4a4b-4aeb-bb2a-8cab795ade63,3516c055-4219-4558-bf60-71f2379c8e29,2da9f25d-e3cf-4633-8e15-233157071d75,4282ce75-1089-4aac-9bfe-55e65a6312d4,8e826cfa-608b-4409-9203-4ae1b7c5550a
79,4af78c3f-47b6-4639-a408-01a09334f6cd,f33a45c8-55fd-4775-a5d6-72c6058354c0,e5203f9d-8874-4f97-882a-fceb05863ea5,2fec5177-e9a6-45cc-9dfd-bff6fe5f4bc0,139b90b3-ca25-4ccb-97c9-0dbf3fa1cc3a,894ed6f3-b99c-44fc-beb5-1e4858e20224
80,0877a4df-4020-47a0-bdad-d5f342b3a4f3,46b23f0b-713f-4bb8-9df2-21eadfce9c86,ee2b28ae-0630-489a-9287-d6e677404815,34a6e61c-0ee3-4803-8728-e6ac8f7582d3,3516c055-4219-4558-bf60-71f2379c8e29,42afa2ed-5735-42df-b6a4-e1b6b6e6d151
81,a8f3b0b4-34cc-4498-a975-5302a11b1f00,19a2371f-2f3f-4ab4-87e9-8b3cc744c86e,8e826cfa-608b-4409-9203-4ae1b7c5550a,34a6e61c-0ee3-4803-8728-e6ac8f7582d3,3516c055-4219-4558-bf60-71f2379c8e29,42afa2ed-5735-42df-b6a4-e1b6b6e6d151
82,2205df67-6304-4daa-b4dd-ed9194469ed2,60ee6793-b022-42a4-ae72-4bb877904643,2da9f25d-e3cf-4633-8e15-233157071d75,7d50df7d-8b0d-4b43-a90e-375298ecddb3,2fec5177-e9a6-45cc-9dfd-bff6fe5f4bc0,e5203f9d-8874-4f97-882a-fceb05863ea5
83,de050ff0-a9e5-4544-b9de-94278a4c49ac,ab0cd3bb-4ae9-426a-a150-29f1130bd925,3516c055-4219-4558-bf60-71f2379c8e29,5338d673-a089-4ad4-9d6c-a8184fd16a4d,a13619cd-e1eb-4b49-9a19-e0e423577037,8e826cfa-608b-4409-9203-4ae1b7c5550a
84,ddb39cf0-e31d-47a5-8f6f-a87530fc55a4,ecc43645-ed28-446c-95e4-974977ca1dd4,b44a1a08-334f-4223-93e1-1fde6f090f75,8e826cfa-608b-4409-9203-4ae1b7c5550a,3516c055-4219-4558-bf60-71f2379c8e29,a13619cd-e1eb-4b49-9a19-e0e423577037
85,1094c3a8-e235-4ed7-b2e3-5193035713a8,331d308a-d383-43da-b704-6c0b2786f0cf,34a6e61c-0ee3-4803-8728-e6ac8f7582d3,b44a1a08-334f-4223-93e1-1fde6f090f75,8e826cfa-608b-4409-9203-4ae1b7c5550a,2da9f25d-e3cf-4633-8e15-233157071d75
86,c293ace1-24dd-48ea-b62a-11e68428051e,bb28d7d9-ee48-4c77-b330-619cc478064d,8008686c-7de9-42d8-b27a-2abbebd44e33,eaba192c-e945-4c8a-a800-47907aa33c50,bee21ae1-487a-454c-a17d-1d097d9045ab,139b90b3-ca25-4ccb-97c9-0dbf3fa1cc3a
87,54162db5-6ab5-46f2-bfdc-9ce4978bd745,818843af-9488-474e-b592-ddbe941d0e41,8e826cfa-608b-4409-9203-4ae1b7c5550a,bee21ae1-487a-454c-a17d-1d097d9045ab,34a6e61c-0ee3-4803-8728-e6ac8f7582d3,a13619cd-e1eb-4b49-9a19-e0e423577037
88,d048a88f-e10d-45e6-bc96-4be751522be5,4a56a9b0-9574-43fe-8365-989b62fb58bf,7d50df7d-8b0d-4b43-a90e-375298ecddb3,e5203f9d-8874-4f97-882a-fceb05863ea5,ee2b28ae-0630-489a-9287-d6e677404815,4282ce75-1089-4aac-9bfe-55e65a6312d4
89,c6bf7b51-0ac3-40a6-bc8d-170ebcfc3106,4e91ce2a-5879-4f63-8f02-0a693e247ef6,139b90b3-ca25-4ccb-97c9-0dbf3fa1cc3a,3516c055-4219-4558-bf60-71f2379c8e29,e5203f9d-8874-4f97-882a-fceb05863ea5,7d50df7d-8b0d-4b43-a90e-375298ecddb3
90,d37ef6dc-e19f-4497-b9f5-10738cb3c20b,cf85c737-57d7-4415-b5d6-788d6812856e,bee21ae1-487a-454c-a17d-1d097d9045ab,5338d673-a089-4ad4-9d6c-a8184fd16a4d,894ed6f3-b99c-44fc-beb5-1e4858e20224,8e826cfa-608b-4409-9203-4ae1b7c5550a
91,afab6f70-5d92-4963-9907-24a406961adb,7335f951-7991-4a9b-81da-cb6f66a87071,7d50df7d-8b0d-4b43-a90e-375298ecddb3,ee2b28ae-0630-489a-9287-d6e677404815,e5203f9d-8874-4f97-882a-fceb05863ea5,5338d673-a089-4ad4-9d6c-a8184fd16a4d
92,f8b32e7d-7db3-4934-a807-fdc995c02134,7999b70f-735b-4d49-b3e0-1d68f83c02a6,4282ce75-1089-4aac-9bfe-55e65a6312d4,2da9f25d-e3cf-4633-8e15-233157071d75,8008686c-7de9-42d8-b27a-2abbebd44e33,139b90b3-ca25-4ccb-97c9-0dbf3fa1cc3a
93,4d968975-0cce-463d-8177-97d92caa0c05,2d4eb69d-6ec3-498a-9859-e9712ddd03cb,8e826cfa-608b-4409-9203-4ae1b7c5550a,139b90b3-ca25-4ccb-97c9-0dbf3fa1cc3a,2da9f25d-e3cf-4633-8e15-233157071d75,34a6e61c-0ee3-4803-8728-e6ac8f7582d3
94,c386564d-83f4-40b5-a1e6-00fcd0945d59,d1828967-626b-4dc6-9ab0-fe78e47db8cc,8e826cfa-608b-4409-9203-4ae1b7c5550a,2da9f25d-e3cf-4633-8e15-233157071d75,34a6e61c-0ee3-4803-8728-e6ac8f7582d3,7d50df7d-8b0d-4b43-a90e-375298ecddb3
95,b23642d9-e633-48e5-98c1-cb310984099a,510486d3-9488-41c7-a08f-1236eb336ef3,2da9f25d-e3cf-4633-8e15-233157071d75,3516c055-4219-4558-bf60-71f2379c8e29,8e826cfa-608b-4409-9203-4ae1b7c5550a,ee2b28ae-0630-489a-9287-d6e677404815
96,5b7214b1-af82-4246-b87f-3c03a40259c1,ad74d3db-fe8f-4a88-a6e1-04f3f9507398,3516c055-4219-4558-bf60-71f2379c8e29,a13619cd-e1eb-4b49-9a19-e0e423577037,bee21ae1-487a-454c-a17d-1d097d9045ab,2da9f25d-e3cf-4633-8e15-233157071d75
97,1288f8ad-713a-415e-93e8-44137164e8e1,e8a3bc5f-abfd-4e60-a39f-77867a2b281c,7d50df7d-8b0d-4b43-a90e-375298ecddb3,ee2b28ae-0630-489a-9287-d6e677404815,e5203f9d-8874-4f97-882a-fceb05863ea5,2da9f25d-e3cf-4633-8e15-233157071d75
98,7b2aced6-99fd-4bad-84f4-0dac50f1922e,a59c4fb9-71b8-4822-a29b-18c691448fda,894ed6f3-b99c-44fc-beb5-1e4858e20224,bee21ae1-487a-454c-a17d-1d097d9045ab,4282ce75-1089-4aac-9bfe-55e65a6312d4,139b90b3-ca25-4ccb-97c9-0dbf3fa1cc3a
99,52b223e2-e1cf-4131-a470-1f38b152dda3,ddcca410-ec14-4334-81d4-4920d2d381af,4282ce75-1089-4aac-9bfe-55e65a6312d4,894ed6f3-b99c-44fc-beb5-1e4858e20224,2da9f25d-e3cf-4633-8e15-233157071d75,e5203f9d-8874-4f97-882a-fceb05863ea5
